{
  "accuracy": 0.6333333333333333,
  "report": {
    "AI_Generated": {
      "precision": 0.6493506493506493,
      "recall": 1.0,
      "f1-score": 0.7874015748031497,
      "support": 50.0
    },
    "Dictated": {
      "precision": 0.0,
      "recall": 0.0,
      "f1-score": 0.0,
      "support": 50.0
    },
    "Typed": {
      "precision": 0.6521739130434783,
      "recall": 0.9,
      "f1-score": 0.7563025210084033,
      "support": 50.0
    },
    "accuracy": 0.6333333333333333,
    "macro avg": {
      "precision": 0.43384152079804256,
      "recall": 0.6333333333333333,
      "f1-score": 0.5145680319371843,
      "support": 150.0
    },
    "weighted avg": {
      "precision": 0.4338415207980425,
      "recall": 0.6333333333333333,
      "f1-score": 0.5145680319371843,
      "support": 150.0
    }
  }
}