{
  "silhouette_score": 0.3035133481025696,
  "pca_variance_ratio": [
    0.5576968193054199,
    0.051396798342466354
  ]
}